"","V1"
"1",2
"2",3
"3",5
"4",4
"5",10
"6",3
"7",5
"8",6
"9",13
"10",13
"11",14
"12",13
"13",9
"14",1
"15",8
"16",14
"17",15
"18",9
"19",6
"20",8
"21",12
"22",1
"23",14
"24",1
"25",11
"26",11
"27",2
"28",3
"29",5
"30",4
"31",9
"32",1
"33",4
"34",6
"35",15
"36",7
"37",6
"38",14
"39",14
"40",8
"41",14
"42",9
"43",14
"44",8
"45",8
"46",4
"47",5
"48",5
"49",14
"50",1
"51",8
"52",14
"53",11
"54",14
"55",7
"56",4
"57",3
"58",14
"59",11
"60",11
"61",4
"62",1
"63",10
"64",6
"65",2
"66",9
"67",7
"68",1
"69",15
"70",9
"71",3
"72",8
"73",9
"74",7
"75",7
"76",11
"77",15
"78",4
"79",14
"80",5
"81",6
"82",3
"83",4
"84",1
"85",13
"86",7
"87",4
"88",15
"89",9
"90",15
"91",10
"92",13
"93",1
"94",13
"95",11
"96",13
"97",9
"98",14
"99",6
"100",11
"101",12
"102",14
"103",13
"104",13
"105",11
"106",3
"107",7
"108",11
"109",5
"110",11
"111",10
"112",5
"113",8
"114",3
"115",4
"116",2
"117",8
"118",8
"119",4
"120",8
"121",2
"122",6
"123",6
"124",9
"125",14
"126",15
"127",2
"128",4
"129",6
"130",8
"131",8
"132",12
"133",10
"134",6
"135",8
"136",8
"137",14
"138",12
"139",3
"140",10
"141",9
"142",9
"143",1
"144",12
"145",6
"146",14
"147",10
"148",7
"149",14
"150",1
"151",8
"152",9
"153",10
"154",7
"155",6
"156",15
"157",8
"158",12
"159",11
"160",13
"161",15
"162",13
"163",1
"164",6
"165",8
"166",1
"167",3
"168",1
"169",10
"170",6
"171",11
"172",3
"173",13
"174",12
"175",1
"176",7
"177",1
"178",6
"179",15
"180",14
"181",12
"182",3
"183",12
"184",3
"185",9
"186",1
"187",4
"188",13
"189",14
"190",11
"191",5
"192",6
"193",14
"194",14
"195",12
"196",4
"197",11
"198",15
"199",2
"200",11
"201",7
"202",10
"203",2
"204",9
"205",1
"206",8
"207",13
"208",1
"209",6
"210",9
"211",5
"212",9
"213",3
"214",7
"215",14
"216",8
"217",10
"218",4
"219",11
"220",14
"221",10
"222",2
"223",5
"224",8
"225",1
"226",1
"227",14
"228",15
"229",10
"230",2
"231",15
"232",14
"233",5
"234",5
"235",2
"236",8
"237",14
"238",3
"239",3
"240",15
"241",12
"242",6
"243",5
"244",5
"245",7
"246",2
"247",3
"248",8
"249",12
"250",9
"251",15
"252",14
"253",5
"254",1
"255",14
"256",5
"257",1
"258",15
"259",1
"260",15
"261",3
"262",2
"263",1
"264",6
"265",3
"266",12
"267",1
"268",5
"269",12
"270",1
"271",7
"272",13
"273",4
"274",11
"275",9
"276",12
"277",13
"278",13
"279",6
"280",2
"281",14
"282",1
"283",5
"284",12
"285",10
"286",3
"287",12
"288",4
"289",13
"290",4
"291",8
"292",12
"293",10
"294",3
"295",14
"296",3
"297",11
"298",1
"299",4
"300",1
"301",4
"302",11
"303",8
"304",11
"305",7
"306",1
"307",10
"308",12
"309",12
"310",5
"311",12
"312",7
"313",12
"314",13
"315",13
"316",7
"317",14
"318",10
"319",12
"320",6
"321",10
"322",8
"323",12
"324",7
"325",13
"326",13
"327",12
"328",15
"329",14
"330",12
"331",5
"332",13
"333",15
"334",7
"335",9
"336",2
"337",1
"338",7
"339",9
"340",9
"341",9
"342",10
"343",2
"344",9
"345",11
"346",9
"347",8
"348",11
"349",4
"350",11
"351",4
"352",4
"353",2
"354",9
"355",3
"356",7
"357",8
"358",5
"359",2
"360",4
"361",11
"362",3
"363",4
"364",4
"365",11
"366",2
"367",5
"368",9
"369",11
"370",3
"371",1
"372",3
"373",4
"374",14
"375",6
"376",15
"377",5
"378",13
"379",3
"380",5
"381",4
"382",10
"383",1
"384",12
"385",10
"386",1
"387",15
"388",7
"389",12
"390",13
"391",13
"392",9
"393",2
"394",6
"395",7
"396",2
"397",10
"398",10
"399",9
"400",7
"401",3
"402",4
"403",8
"404",10
"405",7
"406",7
"407",9
"408",7
"409",8
"410",7
"411",5
"412",1
"413",11
"414",14
"415",9
"416",2
"417",9
"418",8
"419",14
"420",9
"421",13
"422",7
"423",1
"424",4
"425",3
"426",10
"427",3
"428",3
"429",7
"430",13
"431",6
"432",6
"433",12
"434",2
"435",6
"436",5
"437",10
"438",6
"439",4
"440",13
"441",13
"442",2
"443",10
"444",15
"445",12
"446",5
"447",3
"448",7
"449",8
"450",7
"451",9
"452",8
"453",13
"454",14
"455",9
"456",5
"457",8
"458",14
"459",2
"460",9
"461",6
"462",9
"463",13
"464",1
"465",9
"466",7
"467",11
"468",6
"469",2
"470",1
"471",9
"472",7
"473",9
"474",8
"475",1
"476",13
"477",10
"478",6
"479",14
"480",2
"481",14
"482",2
"483",7
"484",1
"485",13
"486",8
"487",2
"488",8
"489",2
"490",15
"491",14
"492",9
"493",2
"494",1
"495",6
"496",10
"497",11
"498",4
"499",3
"500",2
"501",6
"502",3
"503",5
"504",4
"505",15
"506",10
"507",4
"508",10
"509",3
"510",13
"511",2
"512",3
"513",1
"514",10
"515",10
"516",1
"517",8
"518",15
"519",15
"520",6
"521",3
"522",2
"523",4
"524",8
"525",2
"526",3
"527",10
"528",10
"529",8
"530",9
"531",12
"532",6
"533",8
"534",2
"535",13
"536",5
"537",13
"538",4
"539",13
"540",1
"541",4
"542",3
"543",15
"544",7
"545",15
"546",6
"547",13
"548",11
"549",8
"550",5
"551",14
"552",14
"553",9
"554",8
"555",7
"556",4
"557",14
"558",7
"559",7
"560",7
"561",3
"562",2
"563",9
"564",7
"565",10
"566",6
"567",5
"568",1
"569",2
"570",1
"571",9
"572",14
"573",7
"574",7
"575",4
"576",6
"577",5
"578",8
"579",7
"580",12
"581",2
"582",15
"583",2
"584",1
"585",6
"586",8
"587",7
"588",12
"589",11
"590",10
"591",7
"592",11
"593",3
"594",15
"595",11
"596",13
"597",15
"598",15
"599",10
"600",13
"601",9
"602",1
"603",9
"604",8
"605",8
"606",15
"607",12
"608",2
"609",7
"610",9
"611",3
"612",5
"613",14
"614",9
"615",13
"616",12
"617",3
"618",15
"619",6
"620",2
"621",8
"622",3
"623",6
"624",3
"625",11
"626",5
"627",7
"628",8
"629",10
"630",3
"631",13
"632",1
"633",14
"634",8
"635",1
"636",6
"637",4
"638",13
"639",4
"640",11
"641",15
"642",13
"643",11
"644",6
"645",4
"646",12
"647",2
"648",1
"649",7
"650",8
"651",4
"652",7
"653",7
"654",9
"655",14
"656",11
"657",6
"658",9
"659",11
"660",10
"661",9
"662",5
"663",3
"664",2
"665",9
"666",13
"667",9
"668",12
"669",1
"670",15
"671",14
"672",9
"673",10
"674",2
"675",8
"676",1
"677",7
"678",15
"679",1
"680",6
"681",2
"682",14
"683",6
"684",3
"685",4
"686",8
"687",7
"688",1
"689",4
"690",15
"691",5
"692",6
"693",13
"694",11
"695",9
"696",10
"697",15
"698",8
"699",10
"700",8
"701",1
"702",9
"703",14
"704",15
"705",13
"706",14
"707",5
"708",2
"709",6
"710",12
"711",9
"712",14
"713",4
"714",14
"715",8
"716",4
"717",8
"718",15
"719",12
"720",2
"721",2
"722",11
"723",2
"724",9
"725",13
"726",5
"727",5
"728",2
"729",7
"730",10
"731",15
"732",14
"733",12
"734",2
"735",4
"736",12
"737",13
"738",6
"739",12
"740",6
"741",4
"742",3
"743",14
"744",3
"745",3
"746",8
"747",11
"748",12
"749",8
"750",13
"751",3
"752",1
"753",11
"754",10
"755",10
"756",11
"757",2
"758",2
"759",1
"760",10
"761",2
"762",1
"763",4
"764",9
"765",10
"766",14
"767",1
"768",12
"769",9
"770",11
"771",2
"772",4
"773",6
"774",3
"775",12
"776",8
"777",6
"778",8
"779",6
"780",11
"781",5
"782",1
"783",2
"784",8
"785",9
"786",10
"787",4
"788",8
"789",10
"790",13
"791",7
"792",3
"793",15
"794",13
"795",4
"796",1
"797",9
"798",4
"799",15
"800",8
"801",1
"802",14
"803",15
"804",4
"805",1
"806",9
"807",6
"808",12
"809",7
"810",12
"811",2
"812",1
"813",13
"814",2
"815",11
"816",6
"817",9
"818",10
"819",5
"820",2
"821",11
"822",8
"823",3
"824",2
"825",6
"826",1
"827",8
"828",14
"829",3
"830",11
"831",15
"832",4
"833",9
"834",11
"835",6
"836",1
"837",3
"838",10
"839",13
"840",11
"841",1
"842",13
"843",9
"844",12
"845",9
"846",13
"847",7
"848",3
"849",10
"850",7
"851",12
"852",3
"853",7
"854",12
"855",15
"856",4
"857",3
"858",4
"859",11
"860",12
"861",8
"862",10
"863",12
"864",10
"865",11
"866",8
"867",5
"868",11
"869",12
"870",15
"871",9
"872",15
"873",10
"874",2
"875",3
"876",7
"877",6
"878",4
"879",2
"880",9
"881",3
"882",13
"883",9
"884",3
"885",8
"886",8
"887",2
"888",5
"889",8
"890",11
"891",9
"892",4
"893",9
"894",9
"895",14
"896",1
"897",6
"898",8
"899",3
"900",15
"901",8
"902",1
"903",14
"904",1
"905",10
"906",2
"907",4
"908",7
"909",6
"910",1
"911",15
"912",2
"913",7
"914",3
"915",3
"916",15
"917",15
"918",2
"919",2
"920",1
"921",5
"922",10
"923",5
"924",9
"925",6
"926",1
"927",3
"928",2
"929",15
"930",14
"931",5
"932",5
"933",1
"934",8
"935",13
"936",9
"937",1
"938",1
"939",4
"940",6
"941",1
"942",3
"943",13
"944",6
"945",15
"946",1
"947",10
"948",5
"949",15
"950",7
"951",1
"952",5
"953",2
"954",13
"955",8
"956",10
"957",9
"958",4
"959",6
"960",8
"961",15
"962",1
"963",15
"964",15
"965",7
"966",5
"967",10
"968",10
"969",3
"970",3
"971",15
"972",1
"973",6
"974",2
"975",6
"976",4
"977",1
"978",5
"979",11
"980",4
"981",6
"982",8
"983",5
"984",4
"985",9
"986",15
"987",8
"988",11
"989",14
"990",14
"991",10
"992",12
"993",11
"994",3
"995",7
"996",6
"997",4
"998",8
"999",12
"1000",3
"1001",6
"1002",13
"1003",1
"1004",7
"1005",3
"1006",6
"1007",2
"1008",11
"1009",10
"1010",8
"1011",9
"1012",7
"1013",14
"1014",11
"1015",14
"1016",1
"1017",4
"1018",5
"1019",9
"1020",13
"1021",12
"1022",3
"1023",1
"1024",4
"1025",13
"1026",9
"1027",5
"1028",4
"1029",13
"1030",6
"1031",5
"1032",8
"1033",4
"1034",11
"1035",12
"1036",1
"1037",8
"1038",13
"1039",9
"1040",8
"1041",2
"1042",4
"1043",11
"1044",7
"1045",5
"1046",3
"1047",15
"1048",4
"1049",11
"1050",8
"1051",9
"1052",15
"1053",11
"1054",13
"1055",8
"1056",2
"1057",15
"1058",7
"1059",13
"1060",11
"1061",3
"1062",1
"1063",12
"1064",2
"1065",13
"1066",2
"1067",4
"1068",15
"1069",4
"1070",8
"1071",8
"1072",14
"1073",7
"1074",6
"1075",3
"1076",8
"1077",5
"1078",12
"1079",5
"1080",12
"1081",13
"1082",4
"1083",12
"1084",7
"1085",3
"1086",9
"1087",2
"1088",8
"1089",9
"1090",15
"1091",2
"1092",1
"1093",14
"1094",6
"1095",14
"1096",10
"1097",5
"1098",13
"1099",4
"1100",10
"1101",5
"1102",8
"1103",4
"1104",11
"1105",14
"1106",4
"1107",13
"1108",3
"1109",8
"1110",5
"1111",3
"1112",4
"1113",8
"1114",12
"1115",11
"1116",3
"1117",5
"1118",13
"1119",6
"1120",1
"1121",4
"1122",3
"1123",3
"1124",6
"1125",6
"1126",14
"1127",1
"1128",6
"1129",11
"1130",5
"1131",4
"1132",1
"1133",3
"1134",15
"1135",13
"1136",6
"1137",1
"1138",10
"1139",1
"1140",3
"1141",4
"1142",5
"1143",12
"1144",9
"1145",12
"1146",13
"1147",8
"1148",7
"1149",9
"1150",4
"1151",1
"1152",15
"1153",6
"1154",4
"1155",10
"1156",14
"1157",6
"1158",12
"1159",9
"1160",3
"1161",5
"1162",1
"1163",7
"1164",7
"1165",7
"1166",11
"1167",9
"1168",10
"1169",14
"1170",9
"1171",6
"1172",1
"1173",1
"1174",15
"1175",14
"1176",6
"1177",4
"1178",10
"1179",7
"1180",3
"1181",1
"1182",9
"1183",9
"1184",8
"1185",1
"1186",10
"1187",12
"1188",3
"1189",13
"1190",3
"1191",3
"1192",2
"1193",7
"1194",1
"1195",12
"1196",12
"1197",5
"1198",5
"1199",3
"1200",2
"1201",11
"1202",12
"1203",3
"1204",10
"1205",9
"1206",7
"1207",3
"1208",14
"1209",6
"1210",7
"1211",3
"1212",12
"1213",8
"1214",9
"1215",3
"1216",7
"1217",12
"1218",10
"1219",14
"1220",10
"1221",10
"1222",3
"1223",14
"1224",8
"1225",12
"1226",2
"1227",15
"1228",13
"1229",9
"1230",1
"1231",7
"1232",9
"1233",10
"1234",6
"1235",15
"1236",11
"1237",3
"1238",3
"1239",9
"1240",11
"1241",8
"1242",2
"1243",13
"1244",4
"1245",10
"1246",6
"1247",6
"1248",2
"1249",13
"1250",4
"1251",4
"1252",14
"1253",10
"1254",3
"1255",13
"1256",6
"1257",2
"1258",10
"1259",14
"1260",13
"1261",8
"1262",5
"1263",2
"1264",4
"1265",2
"1266",12
"1267",6
"1268",4
"1269",10
"1270",5
"1271",8
"1272",8
"1273",9
"1274",5
"1275",4
"1276",8
"1277",4
"1278",5
"1279",14
"1280",4
"1281",2
"1282",11
"1283",8
"1284",5
"1285",8
"1286",7
"1287",15
"1288",14
"1289",3
"1290",15
"1291",7
"1292",10
"1293",6
"1294",14
"1295",10
"1296",11
"1297",1
"1298",10
"1299",5
"1300",8
"1301",8
"1302",2
"1303",4
"1304",1
"1305",3
"1306",11
"1307",15
"1308",2
"1309",4
"1310",9
"1311",1
"1312",13
"1313",1
"1314",15
"1315",14
"1316",3
"1317",4
"1318",8
"1319",2
"1320",3
"1321",8
"1322",8
"1323",2
"1324",8
"1325",7
"1326",12
"1327",1
"1328",15
"1329",7
"1330",14
"1331",15
"1332",15
"1333",8
"1334",9
"1335",15
"1336",11
"1337",15
"1338",5
"1339",1
"1340",13
"1341",10
"1342",10
"1343",15
"1344",1
"1345",12
"1346",5
"1347",13
"1348",13
"1349",8
"1350",1
"1351",11
"1352",15
"1353",13
"1354",9
"1355",3
"1356",9
"1357",4
"1358",15
"1359",6
"1360",10
"1361",3
"1362",10
"1363",3
"1364",4
"1365",4
"1366",8
"1367",10
"1368",11
"1369",15
"1370",5
"1371",15
"1372",11
"1373",2
"1374",6
"1375",11
"1376",12
"1377",3
"1378",14
"1379",15
"1380",2
"1381",15
"1382",2
"1383",5
"1384",3
"1385",1
"1386",8
"1387",2
"1388",13
"1389",9
"1390",3
"1391",6
"1392",14
"1393",1
"1394",9
"1395",12
"1396",3
"1397",12
"1398",8
"1399",6
"1400",10
"1401",11
"1402",8
"1403",4
"1404",8
"1405",13
"1406",3
"1407",15
"1408",3
"1409",6
"1410",8
"1411",1
"1412",11
"1413",10
"1414",15
"1415",14
"1416",8
"1417",5
"1418",1
"1419",3
"1420",7
"1421",8
"1422",3
"1423",15
"1424",5
"1425",12
"1426",14
"1427",14
"1428",6
"1429",3
"1430",1
"1431",3
"1432",1
"1433",9
"1434",10
"1435",7
"1436",13
"1437",12
"1438",3
"1439",4
"1440",3
"1441",3
"1442",11
"1443",8
"1444",9
"1445",5
"1446",14
"1447",8
"1448",15
"1449",8
"1450",3
"1451",13
"1452",6
"1453",2
"1454",10
"1455",12
"1456",12
"1457",10
"1458",12
"1459",14
"1460",15
"1461",14
"1462",2
"1463",15
"1464",1
"1465",1
"1466",8
"1467",2
"1468",13
"1469",3
"1470",6
"1471",2
"1472",3
"1473",1
"1474",8
"1475",8
"1476",3
"1477",5
"1478",10
"1479",1
"1480",7
"1481",6
"1482",15
"1483",13
"1484",4
"1485",3
"1486",3
"1487",1
"1488",13
"1489",15
"1490",3
"1491",4
"1492",1
"1493",3
"1494",6
"1495",13
"1496",2
"1497",14
"1498",11
"1499",6
"1500",5
"1501",2
"1502",1
"1503",8
"1504",8
"1505",11
"1506",6
"1507",9
"1508",1
"1509",10
"1510",4
"1511",5
"1512",13
"1513",15
"1514",14
"1515",11
"1516",1
"1517",9
"1518",15
"1519",9
"1520",12
"1521",5
"1522",12
"1523",3
"1524",2
"1525",7
"1526",4
"1527",9
"1528",9
"1529",8
"1530",3
"1531",1
"1532",1
"1533",2
"1534",6
"1535",3
"1536",7
"1537",2
"1538",3
"1539",10
"1540",10
"1541",12
"1542",3
"1543",1
"1544",1
"1545",5
"1546",11
"1547",9
"1548",8
"1549",9
"1550",10
"1551",2
"1552",2
"1553",11
"1554",15
"1555",11
"1556",5
"1557",1
"1558",6
"1559",3
"1560",14
"1561",11
"1562",9
"1563",2
"1564",13
"1565",15
"1566",1
"1567",12
"1568",4
"1569",5
"1570",8
"1571",7
"1572",7
"1573",5
"1574",4
"1575",12
"1576",5
"1577",2
"1578",10
"1579",9
"1580",7
"1581",11
"1582",7
"1583",10
"1584",13
"1585",10
"1586",10
"1587",4
"1588",6
"1589",4
"1590",1
"1591",3
"1592",10
"1593",6
"1594",1
"1595",14
"1596",8
"1597",9
"1598",6
"1599",6
"1600",11
"1601",10
"1602",13
"1603",5
"1604",8
"1605",6
"1606",2
"1607",6
"1608",8
"1609",6
"1610",9
"1611",8
"1612",13
"1613",9
"1614",4
"1615",1
"1616",6
"1617",8
"1618",10
"1619",6
"1620",10
"1621",9
"1622",13
"1623",5
"1624",5
"1625",14
"1626",6
"1627",6
"1628",5
"1629",3
"1630",6
"1631",8
"1632",2
"1633",3
"1634",9
"1635",6
"1636",10
"1637",3
"1638",7
"1639",7
"1640",3
"1641",1
"1642",15
"1643",1
"1644",13
"1645",7
"1646",3
"1647",1
"1648",1
"1649",4
"1650",11
"1651",2
"1652",7
"1653",7
"1654",11
"1655",9
"1656",8
"1657",2
"1658",4
"1659",1
"1660",13
"1661",9
"1662",2
"1663",11
"1664",5
"1665",7
"1666",2
"1667",3
"1668",7
"1669",11
"1670",12
"1671",1
"1672",3
"1673",5
"1674",3
"1675",1
"1676",3
"1677",7
"1678",14
"1679",9
"1680",4
"1681",4
"1682",5
"1683",6
"1684",2
"1685",2
"1686",6
"1687",2
"1688",14
"1689",14
"1690",8
"1691",9
"1692",1
"1693",6
"1694",5
"1695",8
"1696",8
"1697",8
"1698",13
"1699",13
"1700",11
"1701",5
"1702",10
"1703",4
"1704",7
"1705",7
"1706",15
"1707",4
"1708",8
"1709",3
"1710",9
"1711",11
"1712",8
"1713",5
"1714",5
"1715",9
"1716",8
"1717",9
"1718",2
"1719",5
"1720",6
"1721",8
"1722",3
"1723",3
"1724",14
"1725",4
"1726",2
"1727",6
"1728",7
"1729",14
"1730",6
"1731",14
"1732",8
"1733",5
"1734",7
"1735",6
"1736",8
"1737",15
"1738",7
"1739",8
"1740",2
"1741",1
"1742",2
"1743",10
"1744",3
"1745",3
"1746",6
"1747",15
"1748",5
"1749",8
"1750",6
"1751",1
"1752",8
"1753",13
"1754",2
"1755",2
"1756",12
"1757",4
"1758",6
"1759",9
"1760",5
"1761",4
"1762",1
"1763",15
"1764",14
"1765",9
"1766",3
"1767",10
"1768",1
"1769",15
"1770",9
"1771",13
"1772",13
"1773",9
"1774",7
"1775",13
"1776",3
"1777",8
"1778",13
"1779",5
"1780",6
"1781",5
"1782",1
"1783",15
"1784",2
"1785",13
"1786",11
"1787",12
"1788",6
"1789",3
"1790",5
"1791",1
"1792",15
"1793",9
"1794",6
"1795",8
"1796",3
"1797",6
"1798",1
"1799",11
"1800",7
"1801",5
"1802",2
"1803",8
"1804",13
"1805",3
"1806",5
"1807",6
"1808",3
"1809",7
"1810",1
"1811",2
"1812",4
"1813",14
"1814",1
"1815",10
"1816",11
"1817",1
"1818",1
"1819",11
"1820",14
"1821",9
"1822",6
"1823",8
"1824",2
"1825",8
"1826",1
"1827",10
"1828",1
"1829",6
"1830",6
"1831",14
"1832",5
"1833",5
"1834",10
"1835",2
"1836",8
"1837",3
"1838",5
"1839",13
"1840",4
"1841",9
"1842",2
"1843",7
"1844",1
"1845",8
"1846",3
"1847",9
"1848",11
"1849",8
"1850",8
"1851",3
"1852",10
"1853",2
"1854",10
"1855",15
"1856",14
"1857",9
"1858",14
"1859",6
"1860",10
"1861",4
"1862",1
"1863",14
"1864",1
"1865",8
"1866",7
"1867",8
"1868",9
"1869",8
"1870",11
"1871",12
"1872",3
"1873",13
"1874",1
"1875",3
"1876",11
"1877",6
"1878",1
"1879",1
"1880",12
"1881",8
"1882",11
"1883",7
"1884",8
"1885",5
"1886",11
"1887",14
"1888",2
"1889",2
"1890",10
"1891",2
"1892",4
"1893",4
"1894",11
"1895",6
"1896",3
"1897",13
"1898",5
"1899",3
"1900",2
"1901",11
"1902",5
"1903",8
"1904",1
"1905",4
"1906",3
"1907",5
"1908",8
"1909",15
"1910",14
"1911",5
"1912",1
"1913",8
"1914",1
"1915",5
"1916",8
"1917",2
"1918",3
"1919",7
"1920",15
"1921",1
"1922",10
"1923",7
"1924",2
"1925",2
"1926",6
"1927",6
"1928",1
"1929",1
"1930",14
"1931",13
"1932",6
"1933",15
"1934",15
"1935",12
"1936",5
"1937",2
"1938",8
"1939",5
"1940",9
"1941",8
"1942",3
"1943",1
"1944",4
"1945",11
"1946",1
"1947",1
"1948",6
"1949",4
"1950",1
"1951",13
"1952",1
"1953",14
"1954",14
"1955",4
"1956",13
"1957",13
"1958",6
"1959",4
"1960",1
"1961",15
"1962",2
"1963",2
"1964",12
"1965",4
"1966",2
"1967",3
"1968",5
"1969",9
"1970",14
"1971",11
"1972",9
"1973",6
"1974",14
"1975",8
"1976",11
"1977",13
"1978",7
"1979",15
"1980",7
"1981",4
"1982",3
"1983",7
"1984",3
"1985",5
"1986",5
"1987",8
"1988",11
"1989",3
"1990",13
"1991",5
"1992",9
"1993",6
"1994",11
"1995",13
"1996",10
"1997",9
"1998",3
"1999",9
"2000",7
"2001",15
"2002",1
"2003",13
"2004",10
"2005",10
"2006",12
"2007",1
"2008",3
"2009",7
"2010",3
"2011",11
"2012",8
"2013",15
"2014",1
"2015",6
"2016",12
"2017",6
"2018",12
"2019",5
"2020",10
"2021",15
"2022",1
"2023",13
"2024",6
"2025",10
"2026",4
"2027",2
"2028",6
"2029",14
"2030",4
"2031",10
"2032",11
"2033",8
"2034",15
"2035",5
"2036",10
"2037",4
"2038",9
"2039",2
"2040",8
"2041",7
"2042",13
"2043",8
"2044",12
"2045",7
"2046",1
"2047",8
"2048",10
"2049",2
"2050",7
"2051",7
"2052",10
"2053",13
"2054",14
"2055",12
"2056",1
"2057",14
"2058",6
"2059",14
"2060",5
"2061",4
"2062",8
"2063",7
"2064",12
"2065",1
"2066",11
"2067",3
"2068",9
"2069",8
"2070",12
"2071",7
"2072",3
"2073",13
"2074",10
"2075",7
"2076",7
"2077",14
"2078",4
"2079",2
"2080",15
"2081",8
"2082",7
"2083",11
"2084",8
"2085",9
"2086",2
"2087",3
"2088",10
"2089",13
"2090",2
"2091",3
"2092",14
"2093",1
"2094",6
"2095",15
"2096",10
"2097",1
"2098",8
"2099",11
"2100",13
"2101",10
"2102",8
"2103",9
"2104",9
"2105",8
"2106",1
"2107",3
"2108",2
"2109",3
"2110",9
"2111",1
"2112",2
"2113",3
"2114",2
"2115",4
"2116",15
"2117",15
"2118",14
"2119",11
"2120",9
"2121",11
"2122",4
"2123",14
"2124",1
"2125",10
"2126",15
"2127",4
"2128",8
"2129",8
"2130",10
"2131",14
"2132",15
"2133",6
"2134",6
"2135",7
"2136",2
"2137",10
"2138",3
"2139",12
"2140",6
"2141",2
"2142",15
"2143",7
"2144",10
"2145",14
"2146",1
"2147",4
"2148",11
"2149",2
"2150",14
"2151",1
"2152",11
"2153",9
"2154",3
"2155",7
"2156",12
"2157",6
"2158",10
"2159",12
"2160",8
"2161",3
"2162",1
"2163",6
"2164",1
"2165",7
"2166",15
"2167",8
"2168",9
"2169",6
"2170",11
"2171",1
"2172",2
"2173",7
"2174",13
"2175",14
"2176",6
"2177",10
"2178",9
"2179",3
"2180",7
"2181",5
"2182",6
"2183",15
"2184",7
"2185",1
"2186",4
"2187",8
"2188",14
"2189",11
"2190",14
"2191",1
"2192",1
"2193",7
"2194",13
"2195",1
"2196",4
"2197",1
"2198",8
"2199",3
"2200",12
"2201",1
"2202",1
"2203",15
"2204",2
"2205",4
"2206",1
"2207",5
"2208",8
"2209",1
"2210",4
"2211",7
"2212",15
"2213",7
"2214",10
"2215",9
"2216",15
"2217",8
"2218",5
"2219",2
"2220",10
"2221",9
"2222",5
"2223",6
"2224",10
"2225",6
"2226",9
"2227",6
"2228",11
"2229",13
"2230",1
"2231",5
"2232",6
"2233",2
"2234",2
"2235",13
"2236",12
"2237",14
"2238",9
"2239",1
"2240",12
"2241",11
"2242",15
"2243",7
"2244",7
"2245",11
"2246",7
"2247",14
"2248",12
"2249",7
"2250",4
"2251",9
"2252",9
"2253",2
"2254",13
"2255",7
"2256",7
"2257",6
"2258",2
"2259",7
"2260",12
"2261",6
"2262",11
"2263",9
"2264",9
"2265",13
"2266",2
"2267",13
"2268",2
"2269",8
"2270",11
"2271",13
"2272",12
"2273",11
"2274",6
"2275",1
"2276",11
"2277",12
"2278",10
"2279",6
"2280",5
"2281",15
"2282",9
"2283",1
"2284",15
"2285",4
"2286",1
"2287",8
"2288",4
"2289",4
"2290",12
"2291",1
"2292",7
"2293",14
"2294",6
"2295",1
"2296",11
"2297",11
"2298",1
"2299",5
"2300",10
"2301",10
"2302",1
"2303",15
"2304",1
"2305",4
"2306",8
"2307",2
"2308",9
"2309",1
"2310",15
"2311",5
"2312",14
"2313",15
"2314",15
"2315",2
"2316",3
"2317",2
"2318",13
"2319",1
"2320",5
"2321",9
"2322",5
"2323",5
"2324",4
"2325",9
"2326",13
"2327",6
"2328",7
"2329",15
"2330",8
"2331",4
"2332",11
"2333",2
"2334",9
"2335",12
"2336",4
"2337",15
"2338",14
"2339",8
"2340",3
"2341",1
"2342",14
"2343",7
"2344",3
"2345",1
"2346",4
"2347",8
"2348",10
"2349",2
"2350",13
"2351",13
"2352",15
"2353",5
"2354",14
"2355",4
"2356",14
"2357",11
"2358",6
"2359",6
"2360",15
"2361",4
"2362",10
"2363",15
"2364",1
"2365",9
"2366",11
"2367",14
"2368",10
"2369",11
"2370",10
"2371",12
"2372",2
"2373",5
"2374",15
"2375",14
"2376",15
"2377",13
"2378",13
"2379",8
"2380",13
"2381",4
"2382",9
"2383",5
"2384",13
"2385",4
"2386",12
"2387",14
"2388",9
"2389",3
"2390",1
"2391",10
"2392",5
"2393",14
"2394",8
"2395",2
"2396",1
"2397",8
"2398",9
"2399",14
"2400",4
"2401",3
"2402",10
"2403",3
"2404",7
"2405",7
"2406",3
"2407",1
"2408",8
"2409",13
"2410",13
"2411",11
"2412",13
"2413",6
"2414",10
"2415",15
"2416",4
"2417",6
"2418",7
"2419",14
"2420",2
"2421",7
"2422",8
"2423",4
"2424",7
"2425",14
"2426",5
"2427",1
"2428",2
"2429",10
"2430",10
"2431",1
"2432",10
"2433",6
"2434",11
"2435",5
"2436",1
"2437",9
"2438",1
"2439",13
"2440",9
"2441",2
"2442",6
"2443",14
"2444",9
"2445",1
"2446",14
"2447",3
"2448",11
"2449",7
"2450",4
"2451",3
"2452",7
"2453",3
"2454",3
"2455",8
"2456",3
"2457",15
"2458",14
"2459",5
"2460",11
"2461",10
"2462",3
"2463",9
"2464",8
"2465",14
"2466",4
"2467",3
"2468",5
"2469",12
"2470",6
"2471",10
"2472",13
"2473",1
"2474",3
"2475",6
"2476",9
"2477",8
"2478",9
"2479",9
"2480",8
"2481",12
"2482",14
"2483",11
"2484",14
"2485",9
"2486",8
"2487",3
"2488",3
"2489",6
"2490",6
"2491",1
"2492",9
"2493",12
"2494",12
"2495",11
"2496",4
"2497",5
"2498",15
"2499",1
"2500",1
"2501",10
"2502",1
"2503",8
"2504",4
"2505",2
"2506",2
"2507",9
"2508",4
"2509",8
"2510",14
"2511",9
"2512",6
"2513",9
"2514",6
"2515",9
"2516",1
"2517",14
"2518",10
"2519",13
"2520",8
"2521",8
"2522",2
"2523",9
"2524",3
"2525",9
"2526",7
"2527",2
"2528",15
"2529",13
"2530",15
"2531",10
"2532",9
"2533",2
"2534",8
"2535",11
"2536",5
"2537",5
"2538",3
"2539",1
"2540",6
"2541",6
"2542",10
"2543",6
"2544",8
"2545",2
"2546",13
"2547",15
"2548",1
"2549",4
"2550",8
"2551",9
"2552",7
"2553",12
"2554",4
"2555",14
"2556",3
"2557",2
"2558",3
"2559",3
"2560",10
"2561",1
"2562",6
"2563",8
"2564",13
"2565",1
"2566",4
"2567",2
"2568",7
"2569",6
"2570",13
"2571",7
"2572",5
"2573",4
"2574",8
"2575",14
"2576",13
"2577",2
"2578",12
"2579",2
"2580",14
"2581",7
"2582",1
"2583",1
"2584",7
"2585",6
"2586",8
"2587",6
"2588",14
"2589",10
"2590",14
"2591",9
"2592",14
"2593",1
"2594",4
"2595",12
"2596",7
"2597",6
"2598",6
"2599",10
"2600",1
"2601",6
"2602",15
"2603",4
"2604",4
"2605",8
"2606",4
"2607",5
"2608",3
"2609",10
"2610",2
"2611",11
"2612",13
"2613",8
"2614",1
"2615",4
"2616",7
"2617",6
"2618",8
"2619",6
"2620",3
"2621",4
"2622",9
"2623",1
"2624",3
"2625",12
"2626",15
"2627",5
"2628",9
"2629",6
"2630",9
"2631",14
"2632",12
"2633",11
"2634",10
"2635",12
"2636",4
"2637",4
"2638",8
"2639",1
"2640",11
"2641",1
"2642",6
"2643",13
"2644",9
"2645",7
"2646",4
"2647",13
"2648",13
"2649",8
"2650",9
"2651",13
"2652",3
"2653",3
"2654",8
"2655",8
"2656",1
"2657",1
"2658",5
"2659",4
"2660",1
"2661",1
"2662",10
"2663",9
"2664",6
"2665",5
"2666",4
"2667",9
"2668",11
"2669",9
"2670",4
"2671",6
"2672",8
"2673",6
"2674",8
"2675",9
"2676",15
"2677",12
"2678",9
"2679",9
"2680",7
"2681",10
"2682",4
"2683",6
"2684",3
"2685",14
"2686",11
"2687",14
"2688",15
"2689",4
"2690",9
"2691",9
"2692",5
"2693",11
"2694",1
"2695",12
"2696",5
"2697",12
"2698",11
"2699",2
"2700",2
"2701",13
"2702",8
"2703",5
"2704",1
"2705",15
"2706",1
"2707",10
"2708",14
"2709",8
"2710",3
"2711",6
"2712",13
"2713",1
"2714",10
"2715",15
"2716",5
"2717",11
"2718",1
"2719",15
"2720",1
"2721",1
"2722",14
"2723",4
"2724",3
"2725",3
"2726",4
"2727",11
"2728",3
"2729",4
"2730",6
"2731",12
"2732",4
"2733",2
"2734",2
"2735",15
"2736",7
"2737",4
"2738",14
"2739",12
"2740",15
"2741",13
"2742",15
"2743",10
"2744",8
"2745",14
"2746",5
"2747",5
"2748",1
"2749",6
"2750",7
"2751",11
"2752",11
"2753",12
"2754",7
"2755",12
"2756",3
"2757",4
"2758",3
"2759",8
"2760",11
"2761",5
"2762",4
"2763",1
"2764",8
"2765",9
"2766",10
"2767",10
"2768",2
"2769",12
"2770",6
"2771",7
"2772",1
"2773",15
"2774",6
"2775",8
"2776",2
"2777",11
"2778",12
"2779",9
"2780",4
"2781",1
"2782",11
"2783",5
"2784",10
"2785",11
"2786",7
"2787",13
"2788",10
"2789",5
"2790",3
"2791",3
"2792",14
"2793",5
"2794",15
"2795",8
"2796",9
"2797",4
"2798",4
"2799",14
"2800",8
"2801",1
"2802",4
"2803",12
"2804",2
"2805",9
"2806",1
"2807",7
"2808",15
"2809",3
"2810",7
"2811",3
"2812",10
"2813",2
"2814",13
"2815",14
"2816",7
"2817",8
"2818",7
"2819",13
"2820",1
"2821",4
"2822",8
"2823",1
"2824",12
"2825",9
"2826",4
"2827",3
"2828",8
"2829",4
"2830",4
"2831",1
"2832",10
"2833",14
"2834",7
"2835",9
"2836",5
"2837",4
"2838",1
"2839",10
"2840",2
"2841",7
"2842",8
"2843",9
"2844",5
"2845",15
"2846",13
"2847",1
"2848",7
"2849",6
"2850",4
"2851",6
"2852",9
"2853",8
"2854",4
"2855",6
"2856",2
"2857",12
"2858",3
"2859",6
"2860",15
"2861",14
"2862",3
"2863",3
"2864",6
"2865",4
"2866",13
"2867",13
"2868",12
"2869",5
"2870",14
"2871",11
"2872",9
"2873",5
"2874",1
"2875",7
"2876",7
"2877",4
"2878",1
"2879",7
"2880",15
"2881",8
"2882",12
"2883",4
"2884",2
"2885",13
"2886",2
"2887",9
"2888",13
"2889",13
"2890",8
"2891",13
"2892",11
"2893",15
"2894",15
"2895",7
"2896",1
"2897",7
"2898",1
"2899",6
"2900",1
"2901",5
"2902",8
"2903",11
"2904",15
"2905",11
"2906",1
"2907",12
"2908",6
"2909",2
"2910",11
"2911",10
"2912",1
"2913",7
"2914",11
"2915",6
"2916",5
"2917",11
"2918",6
"2919",7
"2920",13
"2921",12
"2922",4
"2923",9
"2924",8
"2925",2
"2926",4
"2927",10
"2928",12
"2929",3
"2930",6
"2931",14
"2932",15
"2933",8
"2934",10
"2935",6
"2936",5
"2937",13
"2938",13
"2939",3
"2940",9
"2941",1
"2942",12
"2943",5
"2944",7
"2945",12
"2946",15
"2947",6
"2948",1
"2949",1
"2950",5
"2951",1
"2952",10
"2953",9
"2954",11
"2955",6
"2956",6
"2957",4
"2958",7
"2959",13
"2960",11
"2961",10
"2962",11
"2963",9
"2964",5
"2965",2
"2966",9
"2967",5
"2968",1
"2969",7
"2970",3
"2971",1
"2972",1
"2973",4
"2974",14
"2975",4
"2976",2
"2977",1
"2978",8
"2979",13
"2980",4
"2981",4
"2982",11
"2983",2
"2984",9
"2985",7
"2986",2
"2987",12
"2988",14
"2989",10
"2990",7
"2991",9
"2992",12
"2993",5
"2994",11
"2995",4
"2996",1
"2997",14
"2998",15
"2999",2
"3000",8
"3001",4
"3002",1
"3003",13
"3004",11
"3005",6
"3006",5
"3007",12
"3008",9
"3009",5
"3010",1
"3011",7
"3012",11
"3013",3
"3014",11
"3015",6
"3016",4
"3017",5
"3018",4
"3019",13
"3020",4
"3021",7
"3022",1
"3023",1
"3024",2
"3025",8
"3026",11
"3027",13
"3028",3
"3029",1
"3030",15
"3031",14
"3032",2
"3033",14
"3034",3
"3035",10
"3036",9
"3037",9
"3038",1
"3039",5
"3040",13
"3041",2
"3042",12
"3043",11
"3044",13
"3045",10
"3046",15
"3047",14
"3048",7
"3049",10
"3050",7
"3051",14
"3052",1
"3053",1
"3054",10
"3055",10
"3056",6
"3057",1
"3058",1
"3059",2
"3060",6
"3061",6
"3062",6
"3063",7
"3064",6
"3065",2
"3066",6
"3067",4
"3068",8
"3069",4
"3070",13
"3071",13
"3072",9
"3073",1
"3074",4
"3075",7
"3076",1
"3077",6
"3078",2
"3079",4
"3080",1
"3081",14
"3082",5
"3083",15
"3084",2
"3085",15
"3086",11
"3087",2
"3088",1
"3089",13
"3090",3
"3091",4
"3092",1
"3093",15
"3094",2
"3095",1
"3096",13
"3097",5
"3098",15
"3099",15
"3100",4
"3101",13
"3102",13
"3103",13
"3104",8
"3105",6
"3106",10
"3107",14
"3108",3
"3109",6
"3110",12
"3111",4
"3112",3
"3113",2
"3114",9
"3115",7
"3116",7
"3117",8
"3118",14
"3119",7
"3120",3
"3121",15
"3122",9
"3123",12
"3124",11
"3125",2
"3126",7
"3127",2
"3128",8
"3129",11
"3130",7
"3131",5
"3132",1
"3133",8
"3134",1
"3135",3
"3136",9
"3137",3
"3138",7
"3139",1
"3140",10
"3141",9
"3142",13
"3143",15
"3144",8
"3145",12
"3146",14
"3147",1
"3148",15
"3149",10
"3150",13
"3151",6
"3152",14
"3153",14
"3154",7
"3155",6
"3156",5
"3157",4
"3158",4
"3159",1
"3160",4
"3161",9
"3162",2
"3163",10
"3164",4
"3165",3
"3166",15
"3167",12
"3168",15
"3169",2
"3170",12
"3171",7
"3172",12
"3173",6
"3174",3
"3175",13
"3176",5
"3177",8
"3178",14
"3179",12
"3180",4
"3181",12
"3182",11
"3183",13
"3184",7
"3185",13
"3186",9
"3187",15
"3188",3
"3189",7
"3190",6
"3191",13
"3192",1
"3193",7
"3194",12
"3195",1
"3196",4
"3197",12
"3198",9
"3199",1
"3200",11
"3201",14
"3202",2
"3203",11
"3204",10
"3205",7
"3206",12
"3207",3
"3208",3
"3209",9
"3210",3
"3211",4
"3212",8
"3213",12
"3214",14
"3215",14
"3216",3
"3217",6
"3218",5
"3219",8
"3220",8
"3221",5
"3222",9
"3223",15
"3224",9
"3225",15
"3226",8
"3227",11
"3228",10
"3229",7
"3230",6
"3231",1
"3232",6
"3233",6
"3234",5
"3235",7
"3236",6
"3237",13
"3238",2
"3239",7
"3240",11
"3241",8
"3242",4
"3243",12
"3244",15
"3245",13
"3246",11
"3247",4
"3248",9
"3249",5
"3250",10
"3251",5
"3252",14
"3253",10
"3254",9
"3255",9
"3256",15
"3257",10
"3258",15
"3259",3
"3260",12
"3261",1
"3262",7
"3263",15
"3264",11
"3265",7
"3266",5
"3267",11
"3268",6
"3269",4
"3270",3
"3271",1
"3272",1
"3273",6
"3274",11
"3275",8
"3276",7
"3277",13
"3278",15
"3279",9
"3280",11
"3281",10
"3282",5
"3283",8
"3284",3
"3285",6
"3286",14
"3287",4
"3288",14
"3289",13
"3290",4
"3291",6
"3292",15
"3293",3
"3294",8
"3295",6
"3296",10
"3297",10
"3298",12
"3299",4
"3300",6
"3301",1
"3302",14
"3303",4
"3304",7
"3305",8
"3306",3
"3307",7
"3308",3
"3309",4
"3310",7
"3311",3
"3312",10
"3313",3
"3314",9
"3315",1
"3316",6
"3317",10
"3318",3
"3319",2
"3320",6
"3321",1
"3322",15
"3323",4
"3324",4
"3325",10
"3326",8
"3327",7
"3328",5
"3329",12
"3330",2
"3331",14
"3332",10
"3333",6
"3334",7
"3335",12
"3336",10
"3337",5
"3338",1
"3339",12
"3340",7
"3341",3
"3342",3
"3343",10
"3344",12
"3345",1
"3346",6
"3347",13
"3348",8
"3349",6
"3350",7
"3351",8
"3352",9
"3353",2
"3354",9
"3355",13
"3356",3
"3357",11
"3358",8
"3359",5
"3360",5
"3361",15
"3362",1
"3363",3
"3364",11
"3365",1
"3366",8
"3367",11
"3368",14
"3369",4
"3370",5
"3371",15
"3372",15
"3373",9
"3374",4
"3375",11
"3376",1
"3377",7
"3378",8
"3379",7
"3380",1
"3381",15
"3382",14
"3383",1
"3384",1
"3385",14
"3386",11
"3387",9
"3388",4
"3389",1
"3390",10
"3391",2
"3392",6
"3393",9
"3394",15
"3395",9
"3396",14
"3397",13
"3398",13
"3399",1
"3400",9
"3401",3
"3402",6
"3403",9
"3404",3
"3405",4
"3406",1
"3407",11
"3408",2
"3409",14
"3410",14
"3411",9
"3412",14
"3413",9
"3414",15
"3415",5
"3416",3
"3417",13
"3418",13
"3419",4
"3420",10
"3421",13
"3422",11
"3423",3
"3424",4
"3425",9
"3426",2
"3427",7
"3428",8
"3429",2
"3430",7
"3431",1
"3432",6
"3433",15
"3434",5
"3435",13
"3436",6
"3437",1
"3438",13
"3439",12
"3440",13
"3441",3
"3442",1
"3443",10
"3444",9
"3445",8
"3446",9
"3447",1
"3448",3
"3449",1
"3450",13
"3451",2
"3452",6
"3453",9
"3454",2
"3455",8
"3456",5
"3457",11
"3458",9
"3459",13
"3460",8
"3461",8
"3462",5
"3463",13
"3464",5
"3465",5
"3466",1
"3467",1
"3468",7
"3469",2
"3470",1
"3471",1
"3472",2
"3473",11
"3474",6
"3475",4
"3476",1
"3477",8
"3478",4
"3479",4
"3480",8
"3481",9
"3482",10
"3483",11
"3484",2
"3485",9
"3486",7
"3487",2
"3488",2
"3489",6
"3490",5
"3491",5
"3492",5
"3493",6
"3494",2
"3495",1
"3496",9
"3497",1
"3498",1
"3499",6
"3500",6
"3501",7
"3502",4
"3503",3
"3504",12
"3505",14
"3506",3
"3507",15
"3508",3
"3509",13
"3510",7
"3511",4
"3512",8
"3513",6
"3514",13
"3515",8
"3516",8
"3517",12
"3518",10
"3519",12
"3520",13
"3521",10
"3522",12
"3523",9
"3524",10
"3525",3
"3526",13
"3527",2
"3528",13
"3529",7
"3530",14
"3531",1
"3532",9
"3533",12
"3534",2
"3535",3
"3536",2
"3537",4
"3538",10
"3539",10
"3540",8
"3541",4
"3542",8
"3543",2
"3544",15
"3545",2
"3546",2
"3547",2
"3548",3
"3549",6
"3550",7
"3551",3
"3552",12
"3553",10
"3554",9
"3555",11
"3556",13
"3557",13
"3558",8
"3559",6
"3560",12
"3561",14
"3562",11
"3563",4
"3564",7
"3565",12
"3566",4
"3567",13
"3568",4
"3569",14
"3570",12
"3571",4
"3572",14
"3573",10
"3574",8
"3575",8
"3576",3
"3577",13
"3578",2
"3579",3
"3580",12
"3581",3
"3582",11
"3583",5
"3584",1
"3585",11
"3586",1
"3587",14
"3588",15
"3589",9
"3590",9
"3591",14
"3592",4
"3593",4
"3594",15
"3595",6
"3596",6
"3597",6
"3598",15
"3599",5
"3600",8
"3601",1
"3602",4
"3603",1
"3604",7
"3605",13
"3606",3
"3607",3
"3608",6
"3609",1
"3610",13
"3611",7
"3612",5
"3613",9
"3614",11
"3615",2
"3616",12
"3617",13
"3618",3
"3619",9
"3620",2
"3621",8
"3622",1
"3623",8
"3624",4
"3625",14
"3626",6
"3627",10
"3628",4
"3629",8
"3630",1
"3631",1
"3632",15
"3633",13
"3634",12
"3635",4
"3636",3
"3637",3
"3638",3
"3639",4
"3640",8
"3641",14
"3642",3
"3643",2
"3644",6
"3645",5
"3646",14
"3647",10
"3648",1
"3649",5
"3650",6
"3651",3
"3652",10
"3653",10
"3654",11
"3655",7
"3656",3
"3657",8
"3658",15
"3659",7
"3660",9
"3661",10
"3662",15
"3663",8
"3664",6
"3665",15
"3666",1
"3667",11
"3668",8
"3669",11
"3670",3
"3671",4
"3672",10
"3673",4
"3674",1
"3675",2
"3676",13
"3677",13
"3678",14
"3679",8
"3680",4
"3681",4
"3682",13
"3683",2
"3684",7
"3685",2
"3686",4
"3687",3
"3688",13
"3689",13
"3690",12
"3691",3
"3692",7
"3693",2
"3694",13
"3695",14
"3696",4
"3697",8
"3698",2
"3699",6
"3700",4
"3701",4
"3702",5
"3703",8
"3704",8
"3705",2
"3706",9
"3707",7
"3708",15
"3709",1
"3710",13
"3711",8
"3712",5
"3713",14
"3714",4
"3715",3
"3716",14
"3717",15
"3718",1
"3719",12
"3720",14
"3721",3
"3722",10
"3723",7
"3724",3
"3725",3
"3726",14
"3727",1
"3728",6
"3729",11
"3730",7
"3731",8
"3732",15
"3733",9
"3734",5
"3735",6
"3736",14
"3737",12
"3738",15
"3739",4
"3740",8
"3741",2
"3742",4
"3743",15
"3744",8
"3745",13
"3746",8
"3747",7
"3748",11
"3749",10
"3750",3
"3751",10
"3752",1
"3753",13
"3754",3
"3755",4
"3756",8
"3757",11
"3758",5
"3759",8
"3760",2
"3761",3
"3762",6
"3763",7
"3764",7
"3765",13
"3766",1
"3767",8
"3768",7
"3769",11
"3770",1
"3771",7
"3772",12
"3773",1
"3774",6
"3775",5
"3776",13
"3777",10
"3778",2
"3779",10
"3780",3
"3781",6
"3782",9
"3783",4
"3784",9
"3785",8
"3786",8
"3787",13
"3788",7
"3789",12
"3790",12
"3791",6
"3792",7
"3793",13
"3794",7
"3795",8
"3796",9
"3797",5
"3798",7
"3799",8
"3800",7
"3801",15
"3802",1
"3803",1
"3804",8
"3805",13
"3806",3
"3807",14
"3808",13
"3809",9
"3810",9
"3811",14
"3812",8
"3813",6
"3814",4
"3815",1
"3816",12
"3817",11
"3818",9
"3819",14
"3820",8
"3821",6
"3822",15
"3823",3
"3824",10
"3825",1
"3826",2
"3827",7
"3828",8
"3829",3
"3830",4
"3831",2
"3832",2
"3833",15
"3834",3
"3835",10
"3836",9
"3837",1
"3838",4
"3839",5
"3840",12
"3841",5
"3842",14
"3843",6
"3844",11
"3845",6
"3846",6
"3847",15
"3848",14
"3849",14
"3850",8
"3851",15
"3852",2
"3853",2
"3854",11
"3855",3
"3856",4
"3857",12
"3858",14
"3859",1
"3860",13
"3861",8
"3862",4
"3863",6
"3864",8
"3865",13
"3866",10
"3867",8
"3868",11
"3869",3
"3870",6
"3871",5
"3872",8
"3873",3
"3874",10
"3875",10
"3876",2
"3877",5
"3878",1
"3879",6
"3880",2
"3881",9
"3882",6
"3883",13
"3884",11
"3885",14
"3886",6
"3887",7
"3888",12
"3889",15
"3890",3
"3891",9
"3892",9
"3893",9
"3894",4
"3895",3
"3896",1
"3897",7
"3898",13
"3899",10
"3900",14
"3901",11
"3902",6
"3903",2
"3904",10
"3905",3
"3906",6
"3907",5
"3908",7
"3909",14
"3910",3
"3911",8
"3912",3
"3913",13
"3914",1
"3915",3
"3916",8
"3917",7
"3918",1
"3919",7
"3920",2
"3921",3
"3922",13
"3923",3
"3924",8
"3925",2
"3926",1
"3927",1
"3928",2
"3929",3
"3930",6
"3931",2
"3932",13
"3933",1
"3934",11
"3935",1
"3936",4
"3937",3
"3938",1
"3939",1
"3940",1
"3941",6
"3942",4
"3943",9
"3944",10
"3945",12
"3946",13
"3947",8
"3948",6
"3949",5
"3950",5
"3951",7
"3952",1
"3953",1
"3954",3
"3955",6
"3956",9
"3957",1
"3958",4
"3959",10
"3960",15
"3961",9
"3962",10
"3963",4
"3964",15
"3965",13
"3966",9
"3967",11
"3968",8
"3969",3
"3970",15
"3971",7
"3972",2
"3973",3
"3974",12
"3975",10
"3976",4
"3977",8
"3978",13
"3979",4
"3980",11
"3981",10
"3982",9
"3983",8
"3984",13
"3985",13
"3986",2
"3987",10
"3988",15
"3989",7
"3990",6
"3991",2
"3992",12
"3993",1
"3994",12
"3995",1
"3996",7
"3997",2
"3998",3
"3999",2
"4000",3
"4001",7
"4002",3
"4003",7
"4004",1
"4005",1
"4006",6
"4007",13
"4008",4
"4009",14
"4010",1
"4011",10
"4012",2
"4013",12
"4014",1
"4015",3
"4016",3
"4017",1
"4018",3
"4019",9
"4020",1
"4021",15
"4022",15
"4023",10
"4024",13
"4025",15
"4026",4
"4027",7
"4028",11
"4029",8
"4030",1
"4031",10
"4032",3
"4033",7
"4034",13
"4035",15
"4036",3
"4037",15
"4038",6
"4039",4
"4040",5
"4041",9
"4042",2
"4043",12
"4044",6
"4045",9
"4046",15
"4047",9
"4048",13
"4049",15
"4050",12
"4051",10
"4052",6
"4053",3
"4054",10
"4055",7
"4056",1
"4057",12
"4058",12
"4059",13
"4060",8
"4061",7
"4062",14
"4063",7
"4064",13
"4065",6
"4066",2
"4067",4
"4068",9
"4069",4
"4070",10
"4071",7
"4072",5
"4073",15
"4074",15
"4075",9
"4076",11
"4077",5
"4078",4
"4079",9
"4080",10
"4081",3
"4082",6
"4083",1
"4084",14
"4085",12
"4086",8
"4087",12
"4088",1
"4089",10
"4090",1
"4091",9
"4092",4
"4093",12
"4094",7
"4095",3
"4096",6
"4097",3
"4098",11
"4099",9
"4100",7
"4101",4
"4102",10
"4103",8
"4104",14
"4105",8
"4106",4
"4107",8
"4108",3
"4109",15
"4110",6
"4111",13
"4112",5
"4113",7
"4114",13
"4115",11
"4116",15
"4117",6
"4118",5
"4119",13
"4120",15
"4121",2
"4122",8
"4123",9
"4124",6
"4125",13
"4126",15
"4127",5
"4128",15
"4129",14
"4130",6
"4131",3
"4132",13
"4133",13
"4134",15
"4135",4
"4136",7
"4137",1
"4138",8
"4139",14
"4140",7
"4141",13
"4142",4
"4143",2
"4144",6
"4145",4
"4146",8
"4147",6
"4148",13
"4149",2
"4150",2
"4151",14
"4152",8
"4153",7
"4154",10
"4155",6
"4156",4
"4157",1
"4158",2
"4159",3
"4160",2
"4161",6
"4162",6
"4163",11
"4164",4
"4165",1
"4166",8
"4167",7
"4168",13
"4169",13
"4170",5
"4171",10
"4172",15
"4173",9
"4174",8
"4175",14
"4176",2
"4177",4
"4178",7
"4179",1
"4180",2
"4181",11
"4182",13
"4183",2
"4184",3
"4185",1
"4186",12
"4187",1
"4188",13
"4189",10
"4190",12
"4191",13
"4192",6
"4193",2
"4194",5
"4195",7
"4196",7
"4197",9
"4198",2
"4199",1
"4200",8
"4201",1
"4202",3
"4203",8
"4204",4
"4205",9
"4206",10
"4207",7
"4208",13
"4209",8
"4210",3
"4211",11
"4212",1
"4213",15
"4214",8
"4215",2
"4216",4
"4217",12
"4218",8
"4219",3
"4220",14
"4221",10
"4222",5
"4223",7
"4224",4
"4225",13
"4226",13
"4227",6
"4228",4
"4229",9
"4230",9
"4231",15
"4232",2
"4233",5
"4234",10
"4235",7
"4236",14
"4237",6
"4238",2
"4239",13
"4240",2
"4241",9
"4242",10
"4243",6
"4244",10
"4245",11
"4246",6
"4247",10
"4248",11
"4249",12
"4250",3
"4251",4
"4252",7
"4253",2
"4254",11
"4255",12
"4256",1
"4257",6
"4258",7
"4259",7
"4260",1
"4261",5
"4262",5
"4263",9
"4264",4
"4265",13
"4266",4
"4267",1
"4268",11
"4269",11
"4270",13
"4271",7
"4272",1
"4273",1
"4274",15
"4275",8
"4276",13
"4277",14
"4278",12
"4279",6
"4280",14
"4281",5
"4282",1
"4283",12
"4284",4
"4285",1
"4286",3
"4287",3
"4288",6
"4289",5
"4290",9
"4291",14
"4292",3
"4293",7
"4294",1
"4295",8
"4296",12
"4297",6
"4298",12
"4299",7
"4300",14
"4301",11
"4302",1
"4303",3
"4304",9
"4305",11
"4306",1
"4307",6
"4308",3
"4309",15
"4310",8
"4311",6
"4312",1
"4313",13
"4314",11
"4315",14
"4316",4
"4317",8
"4318",4
"4319",14
"4320",2
"4321",1
"4322",5
"4323",3
"4324",12
"4325",4
"4326",4
"4327",8
"4328",5
"4329",6
"4330",3
"4331",13
"4332",15
"4333",11
"4334",1
"4335",12
"4336",13
"4337",9
"4338",14
"4339",11
"4340",9
"4341",6
"4342",10
"4343",3
"4344",14
"4345",14
"4346",1
"4347",8
"4348",8
"4349",11
"4350",6
"4351",14
"4352",6
"4353",13
"4354",9
"4355",15
"4356",7
"4357",6
"4358",15
"4359",8
"4360",8
"4361",8
"4362",9
"4363",6
"4364",7
"4365",6
"4366",2
"4367",14
"4368",7
"4369",5
"4370",2
"4371",2
"4372",4
"4373",4
"4374",1
"4375",10
"4376",3
"4377",6
"4378",13
"4379",4
"4380",7
"4381",6
"4382",4
"4383",9
"4384",8
"4385",4
"4386",10
"4387",1
"4388",15
"4389",7
"4390",15
"4391",12
"4392",10
"4393",3
"4394",7
"4395",10
"4396",11
"4397",11
"4398",3
"4399",10
"4400",8
"4401",8
"4402",13
"4403",2
"4404",5
"4405",9
"4406",10
"4407",14
"4408",3
"4409",12
"4410",2
"4411",1
"4412",9
"4413",3
"4414",10
"4415",3
"4416",5
"4417",1
"4418",4
"4419",8
"4420",1
"4421",11
"4422",3
"4423",14
"4424",13
"4425",1
"4426",13
"4427",12
"4428",4
"4429",6
"4430",3
"4431",14
"4432",8
"4433",1
"4434",1
"4435",8
"4436",2
"4437",6
"4438",3
"4439",11
"4440",13
"4441",8
"4442",9
"4443",3
"4444",13
"4445",2
"4446",4
"4447",2
"4448",8
"4449",4
"4450",14
"4451",10
"4452",14
"4453",9
"4454",2
"4455",4
"4456",6
"4457",7
"4458",13
"4459",5
"4460",6
"4461",5
"4462",1
"4463",11
"4464",12
"4465",7
"4466",3
"4467",4
"4468",2
"4469",7
"4470",4
"4471",1
"4472",15
"4473",15
"4474",3
"4475",6
"4476",9
"4477",15
"4478",12
"4479",7
"4480",6
"4481",4
"4482",3
"4483",1
"4484",8
"4485",5
"4486",11
"4487",5
"4488",1
"4489",2
"4490",2
"4491",11
"4492",10
"4493",3
"4494",3
"4495",8
"4496",11
"4497",7
"4498",9
"4499",6
"4500",11
"4501",5
"4502",1
"4503",6
"4504",9
"4505",1
"4506",15
"4507",10
"4508",2
"4509",14
"4510",13
"4511",5
"4512",5
"4513",2
"4514",7
"4515",8
"4516",2
"4517",10
"4518",7
"4519",7
"4520",7
"4521",3
"4522",11
"4523",1
"4524",5
"4525",11
"4526",2
"4527",13
"4528",1
"4529",1
"4530",1
"4531",11
"4532",13
"4533",1
"4534",7
"4535",8
"4536",2
"4537",2
"4538",15
"4539",7
"4540",1
"4541",5
"4542",15
"4543",14
"4544",8
"4545",1
"4546",7
"4547",8
"4548",9
"4549",5
"4550",6
"4551",4
"4552",2
"4553",6
"4554",8
"4555",6
"4556",8
"4557",8
"4558",15
"4559",15
"4560",11
"4561",11
"4562",12
"4563",2
"4564",9
"4565",5
"4566",15
"4567",9
"4568",5
"4569",9
"4570",15
"4571",6
"4572",10
"4573",13
"4574",13
"4575",12
"4576",7
"4577",5
"4578",9
"4579",15
"4580",1
"4581",2
"4582",13
"4583",7
"4584",6
"4585",5
"4586",7
"4587",10
"4588",8
"4589",1
"4590",8
"4591",4
"4592",2
"4593",11
"4594",11
"4595",12
"4596",6
"4597",11
"4598",6
"4599",4
"4600",8
"4601",15
"4602",12
"4603",13
"4604",10
"4605",10
"4606",6
"4607",4
"4608",2
"4609",6
"4610",6
"4611",4
"4612",4
"4613",11
"4614",7
"4615",7
"4616",10
"4617",8
"4618",3
"4619",14
"4620",14
"4621",12
"4622",15
"4623",13
"4624",9
"4625",10
"4626",8
"4627",12
"4628",11
"4629",10
"4630",4
"4631",13
"4632",9
"4633",11
"4634",12
"4635",10
"4636",12
"4637",6
"4638",3
"4639",11
"4640",6
"4641",4
"4642",2
"4643",8
"4644",13
"4645",14
"4646",7
"4647",4
"4648",2
"4649",9
"4650",2
"4651",8
"4652",2
"4653",3
"4654",14
"4655",2
"4656",8
"4657",2
"4658",4
"4659",2
"4660",1
"4661",1
"4662",4
"4663",1
"4664",8
"4665",13
"4666",11
"4667",6
"4668",4
"4669",6
"4670",9
"4671",3
"4672",13
"4673",1
"4674",10
"4675",4
"4676",9
"4677",6
"4678",14
"4679",8
"4680",12
"4681",13
"4682",8
"4683",7
"4684",8
"4685",1
"4686",8
"4687",7
"4688",3
"4689",15
"4690",1
"4691",6
"4692",10
"4693",2
"4694",9
"4695",7
"4696",8
"4697",6
"4698",2
"4699",6
"4700",7
"4701",7
"4702",1
"4703",5
"4704",5
"4705",2
"4706",7
"4707",13
"4708",14
"4709",15
"4710",12
"4711",13
"4712",8
"4713",7
"4714",1
"4715",3
"4716",8
"4717",4
"4718",10
"4719",12
"4720",4
"4721",6
"4722",3
"4723",1
"4724",5
"4725",10
"4726",11
"4727",10
"4728",2
"4729",7
"4730",14
"4731",9
"4732",7
"4733",3
"4734",9
"4735",7
"4736",3
"4737",1
"4738",5
"4739",8
"4740",13
"4741",12
"4742",15
"4743",10
"4744",1
"4745",7
"4746",13
"4747",15
"4748",14
"4749",1
"4750",4
"4751",5
"4752",9
"4753",2
"4754",15
"4755",10
"4756",4
"4757",8
"4758",9
"4759",13
"4760",7
"4761",9
"4762",9
"4763",9
"4764",3
"4765",14
"4766",15
"4767",6
"4768",6
"4769",12
"4770",13
"4771",10
"4772",9
"4773",5
"4774",8
"4775",13
"4776",1
"4777",1
"4778",2
"4779",9
"4780",8
"4781",14
"4782",1
"4783",6
"4784",7
"4785",13
"4786",2
"4787",5
"4788",10
"4789",12
"4790",12
"4791",1
"4792",9
"4793",6
"4794",13
"4795",4
"4796",7
"4797",5
"4798",8
"4799",1
"4800",1
"4801",6
"4802",11
"4803",5
"4804",13
"4805",14
"4806",7
"4807",4
"4808",6
"4809",3
"4810",1
"4811",7
"4812",6
"4813",6
"4814",13
"4815",15
"4816",13
"4817",7
"4818",13
"4819",15
"4820",9
"4821",7
"4822",6
"4823",8
"4824",12
"4825",1
"4826",9
"4827",10
"4828",11
"4829",13
"4830",1
"4831",9
"4832",6
"4833",2
"4834",5
"4835",8
"4836",15
"4837",14
"4838",1
"4839",2
"4840",8
"4841",12
"4842",13
"4843",14
"4844",7
"4845",8
"4846",11
"4847",3
"4848",9
"4849",12
"4850",7
"4851",7
"4852",2
"4853",4
"4854",13
"4855",10
"4856",15
"4857",4
"4858",9
"4859",6
"4860",15
"4861",8
"4862",7
"4863",6
"4864",3
"4865",2
"4866",6
"4867",14
"4868",11
"4869",10
"4870",4
"4871",4
"4872",10
"4873",4
"4874",9
"4875",2
"4876",13
"4877",5
"4878",3
"4879",2
"4880",9
"4881",10
"4882",6
"4883",9
"4884",3
"4885",13
"4886",13
"4887",9
"4888",8
"4889",3
"4890",14
"4891",10
"4892",9
"4893",8
"4894",8
"4895",3
"4896",8
"4897",1
"4898",12
"4899",4
"4900",14
"4901",2
"4902",13
"4903",8
"4904",1
"4905",8
"4906",9
"4907",10
"4908",1
"4909",9
"4910",12
"4911",9
"4912",8
"4913",6
"4914",6
"4915",9
"4916",4
"4917",6
"4918",10
"4919",11
"4920",5
"4921",15
"4922",1
"4923",12
"4924",7
"4925",2
"4926",3
"4927",8
"4928",10
"4929",4
"4930",11
"4931",3
"4932",4
"4933",2
"4934",2
"4935",10
"4936",14
"4937",4
"4938",4
"4939",14
"4940",6
"4941",9
"4942",6
"4943",6
"4944",3
"4945",1
"4946",15
"4947",2
"4948",14
"4949",9
"4950",1
"4951",1
"4952",8
"4953",2
"4954",11
"4955",7
"4956",15
"4957",3
"4958",15
"4959",3
"4960",9
"4961",11
"4962",13
"4963",5
"4964",14
"4965",2
"4966",1
"4967",12
"4968",3
"4969",7
"4970",4
"4971",14
"4972",9
"4973",10
"4974",6
"4975",3
"4976",10
"4977",15
"4978",7
"4979",7
"4980",1
"4981",13
"4982",11
"4983",11
"4984",10
"4985",2
"4986",4
"4987",4
"4988",11
"4989",6
"4990",10
"4991",11
"4992",1
"4993",3
"4994",3
"4995",9
"4996",7
"4997",3
"4998",3
"4999",8
"5000",9
"5001",10
"5002",2
"5003",8
"5004",1
"5005",5
"5006",1
"5007",9
"5008",15
"5009",1
"5010",15
"5011",2
"5012",11
"5013",11
"5014",10
"5015",5
"5016",2
"5017",7
"5018",11
"5019",1
"5020",3
"5021",4
"5022",9
"5023",13
"5024",7
"5025",8
"5026",7
"5027",5
"5028",9
"5029",1
"5030",6
"5031",2
"5032",1
"5033",5
"5034",8
"5035",5
"5036",12
"5037",5
"5038",11
"5039",6
"5040",1
"5041",5
"5042",13
"5043",4
"5044",2
"5045",1
"5046",13
"5047",2
"5048",3
"5049",13
"5050",11
"5051",1
"5052",13
"5053",9
"5054",4
"5055",11
"5056",5
"5057",13
"5058",1
"5059",4
"5060",5
"5061",5
"5062",4
"5063",6
"5064",2
"5065",4
"5066",7
"5067",5
"5068",9
"5069",3
"5070",15
"5071",4
"5072",10
"5073",1
"5074",13
"5075",2
"5076",9
"5077",4
"5078",7
"5079",12
"5080",7
"5081",4
"5082",2
"5083",14
"5084",15
"5085",9
"5086",11
"5087",6
"5088",10
"5089",13
"5090",4
"5091",15
"5092",8
"5093",6
"5094",1
"5095",10
"5096",2
"5097",9
"5098",11
"5099",6
"5100",2
"5101",7
"5102",14
"5103",6
"5104",10
"5105",1
"5106",4
"5107",13
"5108",4
"5109",14
"5110",13
"5111",12
"5112",5
"5113",9
"5114",13
"5115",4
"5116",9
"5117",15
"5118",13
"5119",7
"5120",15
"5121",1
"5122",11
"5123",12
"5124",13
"5125",15
"5126",9
"5127",9
"5128",2
"5129",2
"5130",8
"5131",1
"5132",3
"5133",14
"5134",11
"5135",3
"5136",5
"5137",7
"5138",4
"5139",11
"5140",4
"5141",10
"5142",4
"5143",5
"5144",5
"5145",12
"5146",13
"5147",6
"5148",14
"5149",5
"5150",4
"5151",5
"5152",11
"5153",1
"5154",8
"5155",10
"5156",6
"5157",1
"5158",15
"5159",8
"5160",15
"5161",15
"5162",10
"5163",3
"5164",3
"5165",2
"5166",1
"5167",11
"5168",15
"5169",11
"5170",9
"5171",9
"5172",5
"5173",2
"5174",5
"5175",12
"5176",13
"5177",3
"5178",15
"5179",4
"5180",7
"5181",5
"5182",8
"5183",12
"5184",5
"5185",8
"5186",6
"5187",5
"5188",8
"5189",4
"5190",8
"5191",4
"5192",15
"5193",4
"5194",5
"5195",8
"5196",5
"5197",15
"5198",13
"5199",14
"5200",1
"5201",7
"5202",10
"5203",4
"5204",9
"5205",7
"5206",2
"5207",5
"5208",3
"5209",14
"5210",13
"5211",4
"5212",10
"5213",4
"5214",7
"5215",13
"5216",13
"5217",8
"5218",2
"5219",11
"5220",1
"5221",14
"5222",15
"5223",1
"5224",15
"5225",12
"5226",1
"5227",9
"5228",5
"5229",9
"5230",3
"5231",2
"5232",3
"5233",14
"5234",5
"5235",3
"5236",4
"5237",8
"5238",8
"5239",3
"5240",12
"5241",7
"5242",5
"5243",7
"5244",12
"5245",7
"5246",10
"5247",7
"5248",8
"5249",7
"5250",11
"5251",8
"5252",9
"5253",14
"5254",13
"5255",5
"5256",11
"5257",9
"5258",1
"5259",4
"5260",11
"5261",5
"5262",14
"5263",4
"5264",4
"5265",1
"5266",4
"5267",1
"5268",1
"5269",1
"5270",9
"5271",8
"5272",1
"5273",10
"5274",10
"5275",7
"5276",6
"5277",4
"5278",9
"5279",9
"5280",2
"5281",1
"5282",6
"5283",4
"5284",4
"5285",3
"5286",12
"5287",9
"5288",13
"5289",8
"5290",1
"5291",14
"5292",7
"5293",14
"5294",11
"5295",1
"5296",14
"5297",10
"5298",11
"5299",6
"5300",10
"5301",7
"5302",9
"5303",11
"5304",14
"5305",1
"5306",12
"5307",9
"5308",11
"5309",14
"5310",15
"5311",2
"5312",12
"5313",4
"5314",2
"5315",1
"5316",2
"5317",11
"5318",7
"5319",11
"5320",2
"5321",14
"5322",6
"5323",7
"5324",8
"5325",10
"5326",6
"5327",4
"5328",4
"5329",11
"5330",8
"5331",12
"5332",9
"5333",2
"5334",5
"5335",6
"5336",8
"5337",6
"5338",1
"5339",11
"5340",4
"5341",14
"5342",1
"5343",15
"5344",4
"5345",6
"5346",11
"5347",6
"5348",11
"5349",5
"5350",11
"5351",9
"5352",5
"5353",13
"5354",12
"5355",1
"5356",1
"5357",14
"5358",13
"5359",1
"5360",13
"5361",1
"5362",15
"5363",15
"5364",8
"5365",10
"5366",14
"5367",7
"5368",1
"5369",4
"5370",1
"5371",14
"5372",8
"5373",5
"5374",12
"5375",15
"5376",13
"5377",11
"5378",1
"5379",6
"5380",11
"5381",8
"5382",2
"5383",2
"5384",9
"5385",13
"5386",2
"5387",4
"5388",9
"5389",12
"5390",5
"5391",7
"5392",6
"5393",5
"5394",11
"5395",1
"5396",9
"5397",6
"5398",7
"5399",14
"5400",7
"5401",10
"5402",13
"5403",9
"5404",13
"5405",4
"5406",14
"5407",9
"5408",8
"5409",7
"5410",2
"5411",7
"5412",3
"5413",8
"5414",7
"5415",4
"5416",3
"5417",7
"5418",7
"5419",7
"5420",4
"5421",10
"5422",11
"5423",4
"5424",1
"5425",10
"5426",6
"5427",3
"5428",3
"5429",1
"5430",4
"5431",5
"5432",6
"5433",8
"5434",14
"5435",4
"5436",7
"5437",15
"5438",3
"5439",13
"5440",3
"5441",14
"5442",7
"5443",11
"5444",4
"5445",11
"5446",4
"5447",1
"5448",3
"5449",15
"5450",4
"5451",12
"5452",1
"5453",7
"5454",13
"5455",2
"5456",1
"5457",2
"5458",8
"5459",15
"5460",11
"5461",5
"5462",2
"5463",14
"5464",1
"5465",2
"5466",9
"5467",6
"5468",5
"5469",7
"5470",6
"5471",7
"5472",10
"5473",4
"5474",3
"5475",3
"5476",5
"5477",7
"5478",15
"5479",8
"5480",2
"5481",1
"5482",13
"5483",1
"5484",9
"5485",12
"5486",11
"5487",1
"5488",11
"5489",6
"5490",8
"5491",14
"5492",11
"5493",1
"5494",14
"5495",10
"5496",5
"5497",9
"5498",9
"5499",5
"5500",5
"5501",1
"5502",4
"5503",2
"5504",2
"5505",10
"5506",3
"5507",2
"5508",5
"5509",10
"5510",3
"5511",8
"5512",14
"5513",4
"5514",12
"5515",7
"5516",4
"5517",5
"5518",14
"5519",2
"5520",8
"5521",14
"5522",2
"5523",9
"5524",13
"5525",6
"5526",3
"5527",5
"5528",10
"5529",14
"5530",5
"5531",2
"5532",15
"5533",3
"5534",1
"5535",8
"5536",10
"5537",15
"5538",14
"5539",15
"5540",6
"5541",12
"5542",4
"5543",5
"5544",4
"5545",5
"5546",5
"5547",11
"5548",6
"5549",7
"5550",1
"5551",4
"5552",7
"5553",2
"5554",8
"5555",4
"5556",15
"5557",4
"5558",3
"5559",10
"5560",12
"5561",6
"5562",3
"5563",9
"5564",1
"5565",5
"5566",2
"5567",4
"5568",13
"5569",10
"5570",1
"5571",1
"5572",15
"5573",1
"5574",12
"5575",3
"5576",7
"5577",5
"5578",7
"5579",1
"5580",11
"5581",4
"5582",11
"5583",2
"5584",13
"5585",5
"5586",10
"5587",6
"5588",2
"5589",12
"5590",5
"5591",7
"5592",2
"5593",9
"5594",15
"5595",1
"5596",6
"5597",8
"5598",9
"5599",2
"5600",4
"5601",1
"5602",9
"5603",5
"5604",9
"5605",11
"5606",3
"5607",15
"5608",14
"5609",10
"5610",10
"5611",10
"5612",7
"5613",12
"5614",9
"5615",2
"5616",5
"5617",12
"5618",8
"5619",7
"5620",2
"5621",11
"5622",5
"5623",8
"5624",6
"5625",2
"5626",3
"5627",10
"5628",8
"5629",9
"5630",8
"5631",5
"5632",6
"5633",8
"5634",3
"5635",5
"5636",7
"5637",2
"5638",12
"5639",3
"5640",13
"5641",3
"5642",9
"5643",7
"5644",13
"5645",9
"5646",9
"5647",12
"5648",10
"5649",1
"5650",8
"5651",8
"5652",8
"5653",2
"5654",11
"5655",1
"5656",13
"5657",14
"5658",9
"5659",1
"5660",11
"5661",10
"5662",13
"5663",8
"5664",15
"5665",12
"5666",5
"5667",5
"5668",11
"5669",7
"5670",4
"5671",2
"5672",8
"5673",9
"5674",5
"5675",4
"5676",1
"5677",9
"5678",1
"5679",15
"5680",5
"5681",5
"5682",3
"5683",1
"5684",6
"5685",12
"5686",6
"5687",1
"5688",6
"5689",13
"5690",1
"5691",9
"5692",2
"5693",5
"5694",15
"5695",1
"5696",5
"5697",11
"5698",3
"5699",7
"5700",1
"5701",5
"5702",8
"5703",6
"5704",11
"5705",3
"5706",11
"5707",9
"5708",6
"5709",4
"5710",1
"5711",9
"5712",11
"5713",6
"5714",5
"5715",1
"5716",4
"5717",2
"5718",2
"5719",14
"5720",11
"5721",11
"5722",3
"5723",1
"5724",10
"5725",9
"5726",15
"5727",8
"5728",4
"5729",8
"5730",12
"5731",7
"5732",12
"5733",2
"5734",8
"5735",1
"5736",1
"5737",11
"5738",15
"5739",8
"5740",1
"5741",13
"5742",3
"5743",8
"5744",7
"5745",13
"5746",14
"5747",11
"5748",15
"5749",1
"5750",13
"5751",9
"5752",3
"5753",11
"5754",1
"5755",8
"5756",1
"5757",6
"5758",9
"5759",5
"5760",8
"5761",7
"5762",9
"5763",5
"5764",11
"5765",13
"5766",11
"5767",11
"5768",7
"5769",12
"5770",11
"5771",14
"5772",1
"5773",4
"5774",12
"5775",10
"5776",12
"5777",14
"5778",1
"5779",9
"5780",4
"5781",14
"5782",14
"5783",12
"5784",8
"5785",9
"5786",8
"5787",7
"5788",4
"5789",13
"5790",11
"5791",5
"5792",10
"5793",5
"5794",15
"5795",14
"5796",14
"5797",12
"5798",13
"5799",8
"5800",7
"5801",3
"5802",11
"5803",9
"5804",1
"5805",11
"5806",1
"5807",3
"5808",6
"5809",15
"5810",10
"5811",10
"5812",7
"5813",12
"5814",4
"5815",6
"5816",10
"5817",15
"5818",13
"5819",10
"5820",7
"5821",13
"5822",4
"5823",8
"5824",4
"5825",8
"5826",4
"5827",8
"5828",7
"5829",10
"5830",15
"5831",6
"5832",3
"5833",14
"5834",6
"5835",3
"5836",6
"5837",4
"5838",2
"5839",1
"5840",2
"5841",5
"5842",14
"5843",1
"5844",1
"5845",4
"5846",14
"5847",5
"5848",1
"5849",7
"5850",15
"5851",14
"5852",8
"5853",11
"5854",14
"5855",12
"5856",6
"5857",15
"5858",7
"5859",14
"5860",3
"5861",11
"5862",14
"5863",7
"5864",14
"5865",2
"5866",11
"5867",8
"5868",7
"5869",10
"5870",3
"5871",8
"5872",3
"5873",4
"5874",13
"5875",10
"5876",13
"5877",7
"5878",7
"5879",4
"5880",4
"5881",3
"5882",8
"5883",10
"5884",15
"5885",6
"5886",3
"5887",14
"5888",13
"5889",10
"5890",6
"5891",14
"5892",7
"5893",2
"5894",12
"5895",13
"5896",6
"5897",5
"5898",15
"5899",1
"5900",4
"5901",1
"5902",12
"5903",8
"5904",3
"5905",6
"5906",10
"5907",6
"5908",15
"5909",9
"5910",15
"5911",8
"5912",11
"5913",7
"5914",11
"5915",6
"5916",7
"5917",8
"5918",6
"5919",10
"5920",3
"5921",4
"5922",15
"5923",14
"5924",1
"5925",8
"5926",12
"5927",2
"5928",4
"5929",2
"5930",10
"5931",10
"5932",11
"5933",1
"5934",6
"5935",1
"5936",5
"5937",13
"5938",4
"5939",5
"5940",15
"5941",3
"5942",3
"5943",5
"5944",1
"5945",1
"5946",12
"5947",2
"5948",12
"5949",14
"5950",1
"5951",11
"5952",3
"5953",2
"5954",9
"5955",1
"5956",15
"5957",11
"5958",3
"5959",1
"5960",3
"5961",14
"5962",7
"5963",12
"5964",8
"5965",11
"5966",1
"5967",4
"5968",7
"5969",3
"5970",11
"5971",3
"5972",8
"5973",4
"5974",4
"5975",2
"5976",4
"5977",6
"5978",13
"5979",4
"5980",13
"5981",13
"5982",15
"5983",8
"5984",1
"5985",2
"5986",2
"5987",11
"5988",7
"5989",6
"5990",8
"5991",4
"5992",8
"5993",10
"5994",4
"5995",10
"5996",11
"5997",3
"5998",10
"5999",1
"6000",6
